run	doculect	accuracy	purity	words	sounds
0	Achang_Longchuan	0.3967320261437909	0.7213534875559284	100	33
0	Atsi	0.4962264150943397	0.6848742468193442	104	32
0	Bola	0.4307692307692306	0.6813106184137205	89	37
0	Lashi	0.42068965517241386	0.6987358714822426	87	32
0	Maru	0.4092592592592594	0.6912063346691425	82	34
0	Old_Burmese	0.4307189542483659	0.6173983077416254	69	25
0	Rangoon	0.425531914893617	0.7276046310769161	126	40
0	Xiandao	0.3907407407407408	0.7106466814456701	90	36
