run	doculect	accuracy	purity	words	sounds
0	Achang_Longchuan	0.509567901234568	0.7397918030668855	157	34
0	Atsi	0.6303482587064675	0.7831975673756082	161	32
0	Bola	0.5565217391304348	0.7755373154920373	161	38
0	Lashi	0.5088477366255145	0.7609195146496961	132	39
0	Maru	0.5346441947565543	0.7848570241254327	137	36
0	Old_Burmese	0.5087301587301588	0.7124105467337593	102	25
0	Rangoon	0.514247311827957	0.7480704196142561	168	43
0	Xiandao	0.5236486486486488	0.754065402897858	134	38
