run	doculect	accuracy	purity	words	sounds
0	Achang_Longchuan	0.3722222222222222	0.5681319872513823	85	33
0	Atsi	0.5290229885057471	0.7085512975511589	95	32
0	Bola	0.48521505376344093	0.7201793234902587	81	38
0	Lashi	0.42027777777777775	0.6962868091233783	82	32
0	Maru	0.4330188679245282	0.751854369991462	95	34
0	Old_Burmese	0.40625	0.6979691654371529	82	24
0	Rangoon	0.30578231292517005	0.6531616179306385	118	40
0	Xiandao	0.3829365079365079	0.6893102582067947	95	37
