run	doculect	accuracy	purity	words	sounds
0	Achang_Longchuan	0.5303030303030304	0.7604964134412607	145	34
0	Atsi	0.6147679324894514	0.7833016539799125	143	32
0	Bola	0.5699669966996699	0.7868552399129736	138	39
0	Lashi	0.48691983122362864	0.7738140575749479	149	40
0	Maru	0.5799625468164793	0.7787170153547226	145	37
0	Old_Burmese	0.5502380952380954	0.7605131372955806	112	26
0	Rangoon	0.5029914529914531	0.7331322797987377	155	43
0	Xiandao	0.5464480874316942	0.7970613690138244	142	38
