run	doculect	accuracy	purity	words	sounds
0	Achang_Longchuan	0.5173913043478262	0.7281380731829838	158	33
0	Atsi	0.54369918699187	0.7593303616824768	140	31
0	Bola	0.5558232931726906	0.7881572039263706	151	39
0	Lashi	0.494871794871795	0.7413217693799535	139	40
0	Maru	0.5856250000000001	0.7764045541939214	138	37
0	Old_Burmese	0.4812169312169312	0.7140867112073018	125	27
0	Rangoon	0.5104166666666665	0.7336366880148225	150	42
0	Xiandao	0.530225988700565	0.7546604849820797	134	38
