run	doculect	accuracy	purity	words	sounds
0	Achang_Longchuan	0.44444444444444436	0.7065744527536589	109	33
0	Atsi	0.4062841530054645	0.712896618362306	82	32
0	Bola	0.4360215053763441	0.7397598368223701	89	37
0	Lashi	0.35555555555555557	0.6442795569545717	84	34
0	Maru	0.4502777777777779	0.7525437386289074	87	37
0	Old_Burmese	0.4368217054263566	0.6249575767415655	73	26
0	Rangoon	0.46249999999999997	0.6565223005013879	118	41
0	Xiandao	0.4859848484848486	0.730773626860402	99	38
